Date,Actual,Original_Prediction,Rescaled_Prediction
2021-04-05,123.1604995727539,88.39552,184.1422938936521
2021-04-06,123.4637451171875,88.481316,185.55191288006972
2021-04-07,125.1169891357422,88.3217,182.92935721903268
2021-04-08,127.5234603881836,88.314384,182.80913912941833
2021-04-09,130.10601806640625,88.193504,180.82301041669416
2021-04-12,128.38427734375,87.99012,177.48128823924708
2021-04-13,131.50491333007812,87.85503,175.26162440091503
2021-04-14,129.1571502685547,87.92953,176.48571876845017
2021-04-15,131.5733642578125,87.825325,174.7736134939405
2021-04-16,131.24075317382812,88.11946,179.6064382432778
2021-04-19,131.9059600830078,88.11232,179.4891066300952
2021-04-20,130.213623046875,88.20033,180.9352039191399
2021-04-21,130.59512329101562,88.13055,179.78857855988826
2021-04-22,129.06907653808594,88.33495,183.14709893403779
2021-04-23,131.3972930908203,88.266815,182.02754799296235
2021-04-26,131.78857421875,88.41538,184.468593612306
2021-04-27,131.4657745361328,88.371765,183.7519390611451
2021-04-28,130.6733856201172,88.39797,184.18253557694334
2021-04-29,130.5755615234375,88.46174,185.23025344631242
2021-04-30,128.59950256347656,88.42185,184.5748954144401
2021-05-03,129.656005859375,88.595116,187.42171476571093
2021-05-04,125.06806182861328,88.6592,188.47469862768412
2021-05-05,125.31263732910156,87.97575,177.2452457155996
2021-05-06,126.91695404052734,88.44287,184.92024953131113
2021-05-07,127.59309387207033,88.46312,185.25294334332648
2021-05-10,124.30059814453124,88.4851,185.61409087080028
2021-05-11,123.37950897216795,88.12352,179.67312863703773
2021-05-12,120.30259704589844,88.45248,185.07806945710036
2021-05-13,122.45838928222656,87.5281,169.89002421052282
2021-05-14,124.88855743408205,88.21318,181.14630034425863
2021-05-17,123.73224639892578,88.257256,181.87048165674787
2021-05-18,122.34080505371094,88.24328,181.6408286592523
2021-05-19,122.18402099609376,88.06429,178.69999329952043
2021-05-20,124.75135040283205,88.32495,182.98275703301988
2021-05-21,122.90914916992188,88.372284,183.760461474154
2021-05-24,124.54557800292967,88.12432,179.68629133494323
2021-05-25,124.349609375,88.4516,185.06365534377983
2021-05-26,124.30059814453124,88.275444,182.16932787883343
2021-05-27,122.76215362548828,88.42492,184.62529000454742
2021-05-28,122.10562133789062,88.28481,182.3232611093008
2021-06-01,121.7822494506836,88.34262,183.27308084209653
2021-06-02,122.54657745361328,88.28111,182.26246698306204
2021-06-03,121.05712890625,88.413635,184.43988870032263
2021-06-04,123.35989379882812,88.19985,180.9273072138385
2021-06-07,123.36968994140624,88.53132,186.37349450329202
2021-06-08,124.19281768798828,88.379974,183.88681789339535
2021-06-09,124.57495880126952,88.44882,185.0180243532268
2021-06-10,123.5754852294922,88.41896,184.52738730076453
2021-06-11,124.7905731201172,88.38688,184.00026737846565
2021-06-14,127.85762786865234,88.507614,185.98401657501745
2021-06-15,127.0345230102539,88.46809,185.33455024345676
2021-06-16,127.53429412841795,88.3635,183.61617875745287
2021-06-17,129.14129638671875,88.34195,183.26205103104803
2021-06-18,127.83805084228516,88.42894,184.6913501233903
2021-06-21,129.6410675048828,88.40634,184.32004968910041
2021-06-22,131.28732299804688,88.44345,184.9297767304197
2021-06-23,131.012939453125,88.414764,184.45844070548992
2021-06-24,130.728759765625,88.33272,183.1103694348858
2021-06-25,130.43478393554688,88.325264,182.98789514375676
2021-06-28,132.07119750976562,88.37724,183.8419450596266
2021-06-29,133.59007263183594,88.40341,184.27191130050778
2021-06-30,134.20742797851562,88.41136,184.40253349346312
2021-07-01,134.51119995117188,88.37763,183.8483345857785
2021-07-02,137.14712524414062,88.36194,183.59047906934939
2021-07-06,139.16575622558594,88.34777,183.35769753331624
2021-07-07,141.66445922851562,88.28073,182.25619620435828
2021-07-08,140.36122131347656,88.108604,179.42805674012197
2021-07-09,142.19361877441406,88.1133,179.5051512372229
2021-07-12,141.5959014892578,88.192154,180.80082291272993
2021-07-13,142.7129364013672,88.22316,181.31026773409394
2021-07-14,146.1523895263672,88.32864,183.04342784460096
2021-07-15,145.49586486816406,88.32165,182.92848031480025
2021-07-16,143.44789123535156,88.32026,182.90566253591896
2021-07-19,139.58706665039062,88.40191,184.24721639850395
2021-07-20,143.21270751953125,88.48982,185.69168776095103
2021-07-21,142.47776794433594,88.5778,187.13715934228821
2021-07-22,143.84963989257812,88.627426,187.95259350146443
2021-07-23,145.57427978515625,88.66589,188.58463592861517
2021-07-26,145.99562072753906,88.70094,189.1605199472142
2021-07-27,143.8202362060547,88.725,189.55576169393316
2021-07-28,142.06625366210938,88.73086,189.6520339039089
2021-07-29,142.7129364013672,88.84268,191.48936749690256
2021-07-30,142.9285430908203,88.914986,192.67736264020277
2021-08-02,142.59536743164062,88.96969,193.57615750797413
2021-08-03,144.3983917236328,88.98137,193.76807622021806
2021-08-04,143.9966278076172,89.081566,195.41436800520023
2021-08-05,144.10443115234375,89.06066,195.0708955786613
2021-08-06,143.41744995117188,89.08209,195.42301830007636
2021-08-09,143.36843872070312,89.08515,195.47328500831645
2021-08-10,142.88754272460938,89.11771,196.00817832125904
2021-08-11,143.14268493652344,89.09023,195.55677359877882
2021-08-12,146.1162567138672,89.127396,196.16737754433052
2021-08-13,146.3223419189453,89.17367,196.9276580810547
2021-08-16,148.3047332763672,89.109825,195.87868422906104
2021-08-17,147.39202880859375,89.06845,195.1988824917098
2021-08-18,143.63336181640625,89.04088,194.74584727542242
2021-08-19,143.96705627441406,88.90834,192.56817436163692
2021-08-20,145.4292755126953,89.06238,195.09909809759483
2021-08-23,146.9209747314453,89.02108,194.42055234286818
2021-08-24,146.83262634277344,89.03968,194.72616716949778
2021-08-25,145.59609985351562,89.021614,194.429325952402
2021-08-26,144.79139709472656,88.99192,193.9414429272947
2021-08-27,145.83163452148438,89.00277,194.11970111579285
2021-08-30,150.26742553710938,89.031425,194.5905347476728
2021-08-31,149.00146484375,88.99572,194.00387211455018
2021-09-01,149.6687774658203,88.93019,192.92719356946327
2021-09-02,150.78756713867188,88.86502,191.85641129189753
2021-09-03,151.42544555664062,88.85439,191.68178860219632
2021-09-07,153.77096557617188,88.84589,191.54201828852456
2021-09-08,152.22039794921875,88.79568,190.71705693023978
2021-09-09,151.1997528076172,88.730515,189.64639340012218
2021-09-10,146.19476318359375,88.74562,189.89459840278505
2021-09-13,146.7639617919922,88.462204,185.2378989550889
2021-09-14,145.36056518554688,88.70454,189.2195602649881
2021-09-15,146.2536163330078,88.47538,185.45438925467897
2021-09-16,146.01808166503906,88.649,188.30710030626142
2021-09-17,143.33897399902344,88.64833,188.29606592800337
2021-09-20,140.27711486816406,88.54039,186.52254081954743
2021-09-21,140.75794982910156,88.28093,182.25945719197261
2021-09-22,143.13287353515625,88.35723,183.5131379429331
2021-09-23,144.09461975097656,88.49401,185.7605064743584
2021-09-24,144.1829376220703,88.6189,187.81244867661007
2021-09-27,142.66180419921875,88.61149,187.69072797505578
2021-09-28,139.2662811279297,88.601776,187.53114967359215
2021-09-29,140.16912841796875,88.42049,184.55245671395096
2021-09-30,138.86395263671875,88.520485,186.1954875113188
2021-10-01,139.9924774169922,88.35038,183.40056536209522
2021-10-04,136.5478973388672,88.517685,186.14948200958315
2021-10-05,138.48118591308594,88.20486,181.0095398216763
2021-10-06,139.35458374023438,88.51795,186.15387109795483
2021-10-07,140.62057495117188,88.52373,186.2487640106483
2021-10-08,140.23782348632812,88.61864,187.80818290289608
2021-10-11,140.1495361328125,88.60416,187.5702586889165
2021-10-12,138.8737335205078,88.69398,189.04607024325378
2021-10-13,138.28494262695312,88.64075,188.17146331722688
2021-10-14,141.08181762695312,88.714424,189.38202047567393
2021-10-15,142.14170837402344,88.77108,190.31290912491022
2021-10-18,143.81980895996094,88.76536,190.21889311644918
2021-10-19,145.98866271972656,88.74007,189.80334098888852
2021-10-20,146.4793701171875,88.64079,188.17221690680162
2021-10-21,146.6952667236328,88.58984,187.33509306950145
2021-10-22,145.9199981689453,88.56078,186.85761414773515
2021-10-25,145.8708953857422,88.5343,186.42250522890754
2021-10-26,146.5382537841797,88.54657,186.62407902212726
2021-10-27,146.07701110839844,88.57275,187.05417314487568
2021-10-28,149.72769165039062,88.62298,187.8795135815526
2021-10-29,147.00929260253906,88.64228,188.19666061228054
2021-11-01,146.1849365234375,88.742775,189.84783931147467
2021-11-02,147.22520446777344,88.71672,189.41975476092557
2021-11-03,148.6678009033203,88.75464,190.04276781480803
2021-11-04,148.14768981933594,88.74511,189.88619930443383
2021-11-05,148.67835998535156,88.728775,189.6178118027965
2021-11-08,147.8528289794922,88.72655,189.58121018551174
2021-11-09,148.21646118164062,88.73697,189.75244400573138
2021-11-10,145.37615966796875,88.784325,190.53052752525764
2021-11-11,145.32704162597656,88.770775,190.30789432883103
2021-11-12,147.4105987548828,88.815506,191.04285425584385
2021-11-15,147.42042541503906,88.87624,192.04080781002267
2021-11-16,148.40322875976562,88.876,192.0367932328336
2021-11-17,150.8503875732422,88.90134,192.453098949969
2021-11-18,155.15504455566406,88.8871,192.2191893131785
2021-11-19,157.78897094726562,88.707695,189.27145746703536
2021-11-22,158.25086975097656,88.46171,185.2297510532626
2021-11-23,158.63417053222656,88.27374,182.14137198921526
2021-11-24,159.1550750732422,88.30989,182.73530561993175
2021-11-26,154.11329650878906,88.38467,183.96391239049626
2021-11-29,157.4843292236328,88.36579,183.6537851608373
2021-11-30,162.457275390625,88.509575,186.01622910393053
2021-12-01,161.93637084960938,88.50173,185.88736528664958
2021-12-02,160.9438018798828,88.5017,185.88686289359975
2021-12-03,159.0568084716797,88.66932,188.6409222190341
2021-12-06,162.47694396972656,88.658356,188.46078234020388
2021-12-07,168.23617553710938,88.69924,189.13256405759603
2021-12-08,172.0690460205078,88.55664,186.7895490239025
2021-12-09,171.55801391601562,88.29871,182.55166269138135
2021-12-10,176.3639373779297,88.200424,180.93670653107984
2021-12-13,172.71774291992188,88.19176,180.7943055047108
2021-12-14,171.33201599121094,88.210594,181.10380702666225
2021-12-15,176.21653747558594,88.38248,183.92793648091902
2021-12-16,169.29757690429688,88.354805,183.47327077082446
2021-12-17,168.1968536376953,88.26103,181.9325317656112
2021-12-20,166.83078002929688,88.67308,188.70272113137253
2021-12-21,170.01502990722656,88.68631,188.92008833519503
2021-12-22,172.61947631835938,88.71197,189.341655477725
2021-12-23,173.24844360351562,88.805725,190.88214785362288
2021-12-27,177.2288055419922,88.783066,190.50984263323335
2021-12-28,176.2067108154297,88.75457,190.0416397140507
2021-12-29,176.295166015625,88.80241,190.82761993887834
2021-12-30,175.1354217529297,88.809006,190.9360500606599
2021-12-31,174.5162811279297,88.85207,191.64367980576208
2022-01-03,178.87989807128906,88.87692,192.0519655029384
2022-01-04,176.6096649169922,88.92484,192.83932045783877
2022-01-05,171.91183471679688,89.02361,194.46216875623213
2022-01-06,169.04208374023438,89.01142,194.26185094563698
2022-01-07,169.20912170410156,88.98663,193.85457460176985
2022-01-10,169.22879028320312,88.901405,192.45422705072633
2022-01-11,172.0690460205078,89.00745,194.1965398491593
2022-01-12,172.5113525390625,89.03072,194.57900254357446
2022-01-13,169.22879028320312,89.06303,195.10975339746074
2022-01-14,170.0936737060547,88.99714,194.02718771927175
2022-01-18,166.87989807128906,89.06726,195.17932570044286
2022-01-19,163.37124633789062,89.08428,195.4589942096536
2022-01-20,161.68087768554688,88.9533,193.3068976693139
2022-01-21,159.61700439453125,88.8504,191.61622630919373
2022-01-24,158.84059143066406,88.63608,188.0947478985181
2022-01-25,157.0322265625,88.52852,186.3274890015564
2022-01-26,156.94378662109375,88.41354,184.43838152117314
2022-01-27,156.48182678222656,88.267075,182.03181376667635
2022-01-28,167.40078735351562,88.409935,184.37909000687432
2022-01-31,171.7742462158203,88.34299,183.27909585706584
2022-02-01,171.60720825195312,88.073105,178.84477840927138
2022-02-02,172.81602478027344,87.76218,173.7360485313875
2022-02-03,169.9265594482422,87.74905,173.52031182137216
2022-02-04,169.64120483398438,88.07798,178.92488269746173
2022-02-07,168.9228515625,88.18498,180.68298890649749
2022-02-08,172.04229736328125,88.216774,181.20534522924208
2022-02-09,173.4691925048828,88.29934,182.5619389128551
2022-02-10,169.3755340576172,88.43304,184.75866622485773
2022-02-11,165.95101928710938,88.670494,188.6602232465666
2022-02-14,166.18719482421875,88.59301,187.38711815341594
2022-02-15,170.03480529785156,88.66228,188.52521653244912
2022-02-16,169.7986602783203,88.64501,188.24153801325883
2022-02-17,166.18719482421875,88.71205,189.34303477500725
2022-02-18,164.63238525390625,88.67006,188.65308013083995
2022-02-22,161.69989013671875,88.63647,188.10114199187956
2022-02-23,157.51768493652344,88.525,186.2697000991975
2022-02-24,160.1450958251953,87.933685,176.55403508880772
2022-02-25,162.22142028808594,88.48832,185.6669928589472
2022-02-28,162.4871063232422,88.5994,187.49216397292548
2022-03-01,160.5977325439453,88.64408,188.22624699570588
2022-03-02,163.90415954589844,88.56939,186.99901495521408
2022-03-03,163.57940673828125,88.72943,189.62859498452963
2022-03-04,160.56822204589844,88.79805,190.7560380636969
2022-03-07,156.7599334716797,88.824425,191.18939317405966
2022-03-08,154.9296112060547,88.651924,188.35511081298682
2022-03-09,160.3517303466797,88.504,185.9245971788514
2022-03-10,155.9923858642578,88.687035,188.93199505047596
2022-03-11,152.2628173828125,88.60563,187.59445576508006
2022-03-14,148.21832275390625,88.368645,183.70066756680535
2022-03-15,152.61705017089844,87.823296,174.74026829706054
2022-03-16,157.04531860351562,88.04559,178.39274797908365
2022-03-17,158.0588836669922,88.27915,182.23024988693942
2022-03-18,161.3653106689453,88.44682,184.98518154939666
2022-03-21,162.74301147460938,88.34995,183.39354556102626
2022-03-22,166.1281280517578,88.41781,184.5084562172051
2022-03-23,167.4959716796875,88.299484,182.56432299623702
2022-03-24,171.29443359375,88.19037,180.77149229303905
2022-03-25,171.93405151367188,87.95191,176.85351158581034
2022-03-28,172.80003356933594,87.82023,174.68987827416277
2022-03-29,176.10643005371094,87.97386,177.2141567202343
2022-03-30,174.9354248046875,87.983345,177.36997164103377
2022-03-31,171.82583618164062,88.03033,178.1419122637235
2022-04-01,171.53060913085938,88.141785,179.97322627453832
2022-04-04,175.59475708007812,88.289215,182.39559200684744
2022-04-05,172.2686309814453,88.35206,183.4281467405308
2022-04-06,169.09014892578125,88.47627,185.4690545645244
2022-04-07,169.39520263671875,88.519966,186.18696509830988
2022-04-08,167.3778839111328,88.52125,186.20802450151677
2022-04-11,163.1071014404297,88.50602,185.95781449386413
2022-04-12,164.98663330078125,88.4014,184.23881730015273
2022-04-13,167.68292236328125,88.55313,186.73188343620131
2022-04-14,162.65440368652344,88.64496,188.2406611090264
2022-04-18,162.4379425048828,88.49934,185.8480050748003
2022-04-19,164.7307586669922,88.64603,188.25820832809404
2022-04-20,164.5634765625,88.74822,189.93734291690635
2022-04-21,163.7664031982422,88.78962,190.61752373264972
2022-04-22,159.21018981933594,88.76037,190.1369117051363
2022-04-25,160.28286743164062,88.67534,188.73982514170712
2022-04-26,154.29978942871094,88.786446,190.56537533407754
2022-04-27,154.07347106933594,88.07104,178.8108075046839
2022-04-28,161.03073120117188,88.223274,181.31214942442602
2022-04-29,155.13623046875,88.47695,185.48021225744014
2022-05-02,155.44131469726562,88.022835,178.01881226488695
2022-05-03,156.93702697753906,88.44197,184.90545633959846
2022-05-04,163.37277221679688,88.499596,185.85226628130476
2022-05-05,154.27029418945312,88.55311,186.73150892501872
2022-05-06,154.99952697753906,88.11042,179.45788975286268
2022-05-09,149.85523986816406,88.60916,187.6524912967543
2022-05-10,152.2696990966797,87.99898,177.62682693857278
2022-05-11,144.37582397460938,88.25874,181.8949253622268
2022-05-12,140.49298095703125,86.50973,153.157595325516
2022-05-13,144.97698974609375,86.07267,145.97649183348585
2022-05-16,143.42977905273438,86.73784,156.9055936279401
2022-05-17,147.0761260986328,86.27306,149.2690754034502
2022-05-18,138.7782440185547,87.168144,163.97575731654433
2022-05-19,135.35855102539062,85.86392,142.54664534788935
2022-05-20,135.59503173828125,85.86539,142.57071454218567
2022-05-23,141.03501892089844,85.44113,135.59995616930428
2022-05-24,138.3248748779297,86.7913,157.78395936742163
2022-05-25,138.48257446289062,87.158676,163.8201935922698
2022-05-26,141.69528198242188,87.66491,172.13789513499796
2022-05-27,147.47032165527344,87.7844,174.10121063605038
2022-05-31,146.6819305419922,87.82536,174.77423920164802
2022-06-01,146.55381774902344,87.604515,171.14558208460585
2022-06-02,149.01754760742188,87.79661,174.3017750759609
2022-06-03,143.27210998535156,87.979034,177.29914792263662
2022-06-06,144.0210723876953,88.04804,178.43298509516535
2022-06-07,146.55381774902344,88.229195,181.40942185329186
2022-06-08,145.8146514892578,88.35369,183.45496996218208
2022-06-09,140.5718231201172,88.42289,184.59194480766746
2022-06-10,135.1417236328125,88.28377,182.30608840141576
2022-06-13,129.9678192138672,87.583374,170.79822296274506
2022-06-14,130.83506774902344,84.5101,120.30259704589844
2022-06-15,133.46633911132812,84.97888,128.00492875991586
2022-06-16,128.17417907714844,85.61932,138.5277544293931
2022-06-17,129.65248107910156,85.18965,131.46799370232748
2022-06-21,133.89996337890625,86.22189,148.42831606735308
2022-06-22,133.38751220703125,86.53654,153.5980958352102
2022-06-23,136.26516723632812,86.73191,156.80819331720704
2022-06-24,139.6060333251953,87.51217,169.62828199877185
2022-06-27,139.6060333251953,87.65827,172.02883473829934
2022-06-28,135.4472198486328,87.60575,171.165887898238
2022-06-29,137.2112579345703,87.35404,167.03016547600419
2022-06-30,134.73765563964844,87.96444,177.05934201832497
2022-07-01,136.91561889648438,87.73022,173.21093361407839
2022-07-05,139.50747680664062,88.189064,180.75005381144
2022-07-06,140.84774780273438,88.23144,181.44627923431108
2022-07-07,144.22802734375,88.289604,182.4019861002089
2022-07-08,144.90802001953125,88.199814,180.926681506131
2022-07-11,142.76950073242188,88.18953,180.7576993202165
2022-07-12,143.74513244628906,88.1751,180.52065201046935
2022-07-13,143.38050842285156,88.21836,181.23141942852817
2022-07-14,146.31729125976562,88.3519,183.42551146062397
2022-07-15,147.9926300048828,88.38517,183.9721881741898
2022-07-18,144.9376220703125,88.41989,184.54267831831748
2022-07-19,148.81060791015625,88.39533,184.13916078790498
2022-07-20,150.82101440429688,88.54182,186.54598430613623
2022-07-21,153.09751892089844,88.52343,186.24387709643634
2022-07-22,151.8557891845703,88.40039,184.2222702999752
2022-07-25,150.73231506347656,88.349144,183.38025954846307
2022-07-26,149.40188598632812,88.4203,184.54944692286153
2022-07-27,154.51663208007812,88.49095,185.71023976611832
2022-07-28,155.06854248046875,88.505585,185.95067137813749
2022-07-29,160.15370178222656,88.548096,186.6491484353137
2022-08-01,159.16819763183594,88.31582,182.83270593066482
2022-08-02,157.68997192382812,88.42033,184.54982600125368
2022-08-03,163.72122192382812,88.4943,185.7652700739127
2022-08-04,163.4058837890625,88.38073,183.89923156893565
2022-08-05,163.17886352539062,88.38607,183.98697679869292
2022-08-08,162.7052001953125,88.37028,183.72749535566618
2022-08-09,162.7545166015625,88.3878,184.01543508136092
2022-08-10,167.01783752441406,88.56114,186.86350584804677
2022-08-11,166.27767944335938,88.56652,186.9518813527211
2022-08-12,169.84024047851562,88.62006,187.83162638948488
2022-08-15,170.91595458984375,88.558784,186.824771343905
2022-08-16,170.75804138183594,88.57134,187.03110873667902
2022-08-17,172.2581024169922,88.62498,187.91235638538274
2022-08-18,171.8633270263672,88.62206,187.86446919331502
2022-08-19,169.2678985595703,88.64644,188.26498149984764
2022-08-22,165.3697509765625,88.67995,188.81554034152578
2022-08-23,165.0341796875,88.73633,189.7419165877327
2022-08-24,165.33026123046875,88.82129,191.137870483195
2022-08-25,167.79742431640625,88.87306,191.98853152958327
2022-08-26,161.47161865234375,88.94049,193.09642238469314
2022-08-29,159.2610321044922,88.734604,189.71358618693193
2022-08-30,156.82345581054688,88.81576,191.04699214769062
2022-08-31,155.1556396484375,88.4918,185.72415148638902
2022-09-01,155.88592529296875,88.33384,183.1287981253954
2022-09-02,153.76414489746094,88.6201,187.8322520971924
2022-09-06,152.5009765625,88.41581,184.47561341337496
2022-09-07,153.91220092773438,88.45157,185.06315295073
2022-09-08,152.43190002441406,88.497574,185.81904896629203
2022-09-09,155.3036651611328,88.45656,185.14513892925243
2022-09-12,161.28408813476562,88.677055,188.7680322278502
2022-09-13,151.82000732421875,88.571884,187.04000566087052
2022-09-14,153.27073669433594,88.12091,179.6302562410492
2022-09-15,150.3693389892578,88.58399,187.23894417418342
2022-09-16,148.7212677001953,88.294365,182.48020869806714
2022-09-19,152.4516143798828,88.27207,182.11391849264692
2022-09-20,154.83982849121094,88.62866,187.97290388230613
2022-09-21,151.70159912109375,88.62244,187.87061209015155
2022-09-22,150.73446655273438,88.52577,186.28236040405318
2022-09-23,148.4547882080078,88.64212,188.19402989958326
2022-09-26,148.7903594970703,88.62534,187.91837140035204
2022-09-27,149.76731872558594,88.834076,191.34796668942363
2022-09-28,147.8725128173828,88.81115,190.97127694787196
2022-09-29,140.6091766357422,88.92249,192.8007092683547
2022-09-30,136.38536071777344,87.98488,177.39516893608743
2022-10-03,140.57957458496094,86.24793,148.8561539885868
2022-10-04,144.181640625,87.23382,165.05481994501315
2022-10-05,144.4777069091797,87.67295,172.27001993989325
2022-10-06,143.52044677734375,87.98054,177.32384282464045
2022-10-07,138.2505645751953,88.08409,179.02529279928422
2022-10-10,138.5762176513672,87.81142,174.5450931644118
2022-10-11,137.15512084960938,88.10753,179.4103816391871
2022-10-12,136.5235137939453,88.02314,178.02382706096614
2022-10-13,141.11248779296875,88.24629,181.69034634512718
2022-10-14,136.56301879882812,88.41064,184.39062221097265
2022-10-17,140.54010009765625,87.97649,177.25728031274775
2022-10-18,141.8625030517578,88.47118,185.38544265940436
2022-10-19,141.9710693359375,88.3281,183.03453092040945
2022-10-20,141.50723266601562,88.62091,187.84554267696512
2022-10-21,145.33628845214844,88.593506,187.39526605524225
2022-10-24,147.4876708984375,88.64865,188.30133192060748
2022-10-25,150.3397216796875,88.5662,186.94661992732654
2022-10-26,147.38897705078125,88.39314,184.10318487832774
2022-10-27,142.89871215820312,88.36404,183.6249523669867
2022-10-28,153.69505310058594,88.31527,182.82368112460608
2022-10-31,151.32656860351562,88.29798,182.5396280942332
2022-11-01,148.67189025878906,88.3338,183.12816785047835
2022-11-02,143.12570190429688,88.02166,177.9995066701449
2022-11-03,137.05645751953125,87.71479,172.95746718602095
2022-11-04,136.78956604003906,86.19124,147.924639631643
2022-11-07,137.32334899902344,85.56673,137.66355503211435
2022-11-08,137.89666748046875,86.388725,151.16946160780208
2022-11-09,133.3199005126953,86.75094,157.12083022851039
2022-11-10,145.18194580078125,86.32317,150.09240855153257
2022-11-11,147.9794464111328,87.00999,161.37714296793638
2022-11-14,146.5757598876953,86.75785,157.2344007446336
2022-11-15,148.3155517578125,86.694984,156.20147378337242
2022-11-16,147.0798797607422,86.82053,158.26432019841013
2022-11-17,148.9877471923828,87.65163,171.91965102694303
2022-11-18,149.55116271972656,87.72311,173.0941043939456
2022-11-21,146.30886840820312,87.784996,174.1109844644743
2022-11-22,148.45391845703125,87.73232,173.24553479358292
2022-11-23,149.33370971679688,87.96307,177.03690331783582
2022-11-25,146.40774536132812,88.3214,182.92446573761117
2022-11-28,142.56243896484375,88.35252,183.43579224930727
2022-11-29,139.5474853515625,88.21501,181.1763891207338
2022-11-30,146.32864379882812,87.59072,170.9189388781997
2022-12-01,146.60540771484375,88.11034,179.45651502278997
2022-12-02,146.11117553710938,88.15856,180.24888477376953
2022-12-05,144.94476318359375,88.29795,182.53912570118337
2022-12-06,141.26748657226562,88.27223,182.11655377255374
2022-12-07,139.32015991210938,88.18878,180.74541809375296
2022-12-08,141.01046752929688,88.19568,180.8587351297465
2022-12-09,140.52610778808594,88.428955,184.6916013199152
2022-12-12,142.82933044433594,88.39906,184.20045730719357
2022-12-13,143.79806518554688,88.55897,186.82778113499444
2022-12-14,141.5640411376953,88.43307,184.75916861790756
2022-12-15,134.93116760253906,88.540886,186.53068872137374
2022-12-16,132.9640350341797,87.56038,170.4204005532265
2022-12-19,130.84861755371094,87.3256,166.5628440282635
2022-12-20,130.7794189453125,86.04203,145.47306431069592
2022-12-21,133.89320373535156,86.739044,156.92540161573197
2022-12-22,130.71022033691406,87.47402,169.00150556422523
2022-12-23,130.34449768066406,87.15199,163.71038417320597
2022-12-27,128.53550720214844,87.52766,169.88275321292895
2022-12-28,124.59137725830078,87.22361,164.88709374172322
2022-12-29,128.12033081054688,85.99284,144.6648988655088
2022-12-30,128.43666076660156,87.82019,174.68925256645525
2023-01-03,123.63253784179688,87.68222,172.422327243763
2023-01-04,124.90770721435548,86.45196,152.20840586763734
2023-01-05,123.5831069946289,87.71911,173.02841878628533
2023-01-06,128.13023376464844,87.11115,163.03935604538856
2023-01-09,128.65415954589844,87.93072,176.50527099250758
2023-01-10,129.22743225097656,87.74845,173.51053342573869
2023-01-11,131.95574951171875,87.96622,177.08854932335817
2023-01-12,131.8766632080078,87.94675,176.76864369806572
2023-01-13,133.21115112304688,88.04262,178.34386056812582
2023-01-17,134.37757873535156,88.18851,180.74090112351405
2023-01-18,133.656005859375,88.143166,179.99591617155238
2023-01-19,133.71530151367188,88.174736,180.51463699550004
2023-01-20,136.285400390625,88.35229,183.43190555398542
2023-01-23,139.48818969726562,88.42523,184.6304281152843
2023-01-24,140.891845703125,88.34719,183.34817033420768
2023-01-25,140.2295684814453,88.23876,181.56662063858312
2023-01-26,142.305419921875,88.16852,180.4124730852127
2023-01-27,144.25274658203125,88.186584,180.70931430230848
2023-01-30,141.35646057128906,88.16811,180.40582779532633
2023-01-31,142.63162231445312,88.12498,179.69706994946682
2023-02-01,143.75851440429688,88.24365,181.64697155608883
2023-02-02,149.08657836914062,88.24255,181.62892194397136
2023-02-03,152.72425842285156,88.2441,181.6543658683404
2023-02-06,149.98611450195312,87.995415,177.56828444663915
2023-02-07,152.87254333496094,88.05672,178.57551400340162
2023-02-08,150.1739501953125,88.058044,178.59732699618326
2023-02-09,149.13600158691406,88.1622,180.30867868111818
2023-02-10,149.50230407714844,88.19661,180.874030714509
2023-02-13,152.31396484375,88.383484,183.94448348109654
2023-02-14,151.6704559326172,88.408905,184.3621684955142
2023-02-15,153.77919006347656,88.53472,186.42940171531882
2023-02-16,152.1753692626953,88.61067,187.67731408062537
2023-02-17,151.02694702148438,88.68886,188.9619559450839
2023-02-21,146.99755859375,88.73692,189.75169498336618
2023-02-22,147.42327880859375,88.684135,188.88435905493316
2023-02-23,147.9083709716797,88.72259,189.51615028555898
2023-02-24,145.24525451660156,88.75101,189.98309722211707
2023-02-27,146.4431610107422,88.7468,189.91402731218477
2023-02-28,145.93824768066406,88.76485,190.21049401809796
2023-03-01,143.8592071533203,88.83325,191.33442948033553
2023-03-02,144.4532470703125,88.771706,190.32318991359352
2023-03-03,149.5220947265625,88.899376,192.42088185384637
2023-03-06,152.29417419433594,88.941864,193.11898896704952
2023-03-07,150.08641052246094,88.85451,191.6836702925284
2023-03-08,151.34373474121094,88.764885,190.21111972580547
2023-03-09,149.08648681640625,88.82312,191.16795925967017
2023-03-10,147.01736450195312,88.79597,190.72182052979406
2023-03-13,148.96771240234375,88.84497,191.52697390028698
2023-03-14,151.0665283203125,88.90565,192.52392723557568
2023-03-15,151.46253967285156,88.9341,192.9913765651836
2023-03-16,154.2939910888672,88.96904,193.56550220810823
2023-03-17,153.45248413085938,88.96423,193.48653058788477
2023-03-20,155.82850646972656,88.95219,193.288592293462
2023-03-21,157.6897430419922,88.903625,192.4907053533534
2023-03-22,156.25424194335938,88.83168,191.30860647757436
2023-03-23,157.34323120117188,88.75492,190.04740809970463
2023-03-24,158.65005493164062,88.74002,189.80258739931378
2023-03-27,156.69972229003906,88.77339,190.35089003947724
2023-03-28,156.0760040283203,88.772194,190.3312099335526
2023-03-29,159.1648712158203,88.81573,191.0464897546408
2023-03-30,160.73898315429688,88.8378,191.40913989405453
2023-03-31,163.25363159179688,88.835526,191.37178468719503
2023-04-03,164.5109405517578,88.75448,190.04013710211075
2023-04-04,163.9763641357422,88.67942,188.80689004664964
2023-04-05,162.12501525878906,88.645035,188.24191252444143
2023-04-06,163.01602172851562,88.66339,188.5435173410915
2023-04-10,160.41226196289062,88.698395,189.11864777011579
2023-04-11,159.194580078125,88.76693,190.24471611921035
2023-04-12,158.50155639648438,88.748566,189.9429879879026
2023-04-13,163.9070587158203,88.8001,190.789762338969
2023-04-14,163.560546875,88.82046,191.12420995944922
2023-04-17,163.580322265625,88.87247,191.97875770115934
2023-04-18,164.80795288085938,88.84721,191.5638312813062
2023-04-19,165.95639038085938,88.85359,191.66862590429082
2023-04-20,164.98614501953125,88.86246,191.8142879182742
2023-04-21,163.37242126464844,88.89201,192.29991474186681
2023-04-24,163.67935180664062,88.904686,192.50812925776336
2023-04-25,162.13491821289062,88.91314,192.64702723441223
2023-04-26,162.12501525878906,88.940895,193.1030676745795
2023-04-27,166.7285919189453,89.035286,194.65396415381838
2023-04-28,167.9858856201172,89.04774,194.85854317091798
2023-05-01,167.89682006835938,89.00601,194.17297304791282
2023-05-02,166.85728454589844,88.94776,193.21588688473275
2023-05-03,165.77816772460938,88.92986,192.92180426220148
2023-05-04,164.13470458984375,88.94433,193.15947727965613
2023-05-05,171.83709716796875,89.0184,194.3765518461223
2023-05-08,171.76776123046875,88.86613,191.87458421867268
2023-05-09,170.05506896972656,88.86341,191.8299580142193
2023-05-10,171.82717895507812,88.821,191.13310688364072
2023-05-11,172.01524353027344,88.851616,191.63615761164328
2023-05-12,171.0833740234375,88.88127,192.12341492904307
2023-05-15,170.58767700195312,88.8865,192.2092830356778
2023-05-16,170.58767700195312,88.88865,192.24463323754753
2023-05-17,171.2023468017578,88.90106,192.44858654693962
2023-05-18,173.54200744628906,88.92411,192.8272858606906
2023-05-19,173.6510467529297,88.99809,194.04285781521685
2023-05-22,172.69932556152344,88.97092,193.5963400069486
2023-05-23,170.0820770263672,88.979095,193.73072101335856
2023-05-24,170.3596649169922,88.97139,193.6041133975923
2023-05-25,171.499755859375,89.00441,194.14665221931136
2023-05-26,173.918701171875,89.02016,194.4053846399729
2023-05-30,175.77261352539062,89.015434,194.32778774982216
2023-05-31,175.72303771972656,88.95571,193.3465090776881
2023-06-01,178.53857421875,88.947945,193.21889667582218
2023-06-02,179.3911590576172,88.88089,192.11714871754884
2023-06-05,178.03297424316406,88.86888,191.91984069804312
2023-06-06,177.66616821289062,88.827866,191.2459306610035
2023-06-07,176.28814697265625,88.8747,192.01548720031133
2023-06-08,179.0144805908203,88.89222,192.30329904413884
2023-06-09,179.4010772705078,88.93791,193.05405238175445
2023-06-12,182.20669555664065,88.9664,193.52213198627942
2023-06-13,181.73085021972656,88.928444,192.8984886574799
2023-06-14,182.3653259277344,88.935196,193.00942617730107
2023-06-15,184.4075927734375,88.90491,192.5117647565603
2023-06-16,183.3269805908203,88.892784,192.3125750467225
2023-06-20,183.4161834716797,88.87921,192.08957190632282
2023-06-21,182.375244140625,88.88379,192.16478471309165
2023-06-22,185.3890380859375,88.88254,192.14422313572504
2023-06-23,185.07180786132807,88.92278,192.80547286790897
2023-06-26,183.6739654541016,88.97863,193.72307550458208
2023-06-27,186.43994140625,88.99191,193.94131961263702
2023-06-28,187.61965942382807,89.00517,194.1591846422998
2023-06-29,187.9567413330078,88.99942,194.06466624078894
2023-06-30,192.29901123046875,88.997894,194.0395968276025
2023-07-03,190.80203247070312,88.85985,191.77142008949522
2023-07-05,189.68174743652344,88.87562,192.03052702133937
2023-07-06,190.15760803222656,88.87302,191.98778250721807
2023-07-07,189.03732299804688,88.91525,192.6817471613649
2023-07-10,186.98516845703125,88.94217,193.1240037631287
2023-07-11,186.4597625732422,88.97832,193.7179373938452
2023-07-12,188.13519287109372,89.00766,194.20005203329856
2023-07-13,188.89854431152344,89.02925,194.55480546741092
2023-07-14,189.0472869873047,89.06195,195.09207829652587
2023-07-17,192.3188323974609,89.075134,195.30869647798318
2023-07-18,192.0610809326172,89.06336,195.11527058658976
2023-07-19,193.41928100585935,89.05943,195.05071307968683
2023-07-20,191.4662628173828,89.01948,194.39422694705718
2023-07-21,190.28651428222656,89.04826,194.86719346579412
2023-07-24,191.08953857421875,89.04417,194.79987736432668
2023-07-25,191.95204162597656,89.07582,195.3199774855566
2023-07-26,192.82444763183597,89.12043,196.0529278403701
2023-07-27,191.55545043945312,89.14159,196.4005381587558
2023-07-28,194.14300537109372,89.13061,196.2201516506102
2023-07-31,194.7576446533203,89.155846,196.63482687393844
2023-08-01,193.92486572265625,89.14042,196.381360445881
2023-08-02,190.9209899902344,89.121284,196.06696744250803
2023-08-03,189.52313232421875,89.11323,195.93459144108783
2023-08-04,180.42221069335935,89.10842,195.85561982086438
2023-08-07,177.30929565429688,88.59325,187.39100028152825
2023-08-08,178.25108337402344,87.918686,176.30758846181925
2023-08-09,176.65496826171875,87.89901,175.98429396704523
2023-08-10,176.43682861328125,87.605576,171.1630059890158
2023-08-11,176.4964141845703,87.935844,176.58951317254468
2023-08-14,178.154296875,88.06693,178.74336808855878
2023-08-15,176.15887451171875,88.23883,181.56774873934046
2023-08-16,175.28529357910156,88.34621,183.33199784521275
2023-08-17,172.73397827148438,88.494675,185.77141297074922
2023-08-18,173.22044372558594,88.59067,187.34863027858955
2023-08-21,174.56060791015625,88.62828,187.96663310360236
2023-08-22,175.94049072265625,88.60563,187.59445576508006
2023-08-23,179.8022003173828,88.61838,187.80392169639163
2023-08-24,175.0966796875,88.57592,187.10632154344785
2023-08-25,177.31045532226562,88.55069,186.6917696347773
2023-08-28,178.87896728515625,88.62827,187.96650978894468
2023-08-29,182.7803497314453,88.675865,188.74847543658325
2023-08-30,186.28466796875,88.626625,187.93943080355893
2023-08-31,186.5030670166016,88.50195,185.89100078544652
2023-09-01,188.0814971923828,88.48194,185.56219366875303
2023-09-05,188.31976318359372,88.44103,184.89003744017828
2023-09-06,181.57916259765625,88.5074,185.9805043908782
2023-09-07,176.26808166503906,88.464005,185.26748533851423
2023-09-08,176.88356018066406,88.33591,183.16276902998288
2023-09-11,178.05499267578125,88.320435,182.9085490123507
2023-09-12,175.01727294921875,88.37327,183.77663396314892
2023-09-13,172.9424591064453,88.40586,184.31214841658948
2023-09-14,174.46133422851562,88.41158,184.40616899226006
2023-09-15,173.73663330078125,88.478226,185.5011437787798
2023-09-18,176.67510986328125,88.51003,186.02375129804932
2023-09-19,177.76710510253906,88.667435,188.60995653832651
2023-09-20,174.21315002441406,88.851425,191.63302450589617
2023-09-21,172.6644744873047,88.82806,191.24906376675062
2023-09-22,173.51824951171875,88.86063,191.78420370900858
2023-09-25,174.7988739013672,88.84943,191.60018170206604
2023-09-26,170.70883178710938,88.90236,192.46989714667143
2023-09-27,169.18995666503906,88.812935,191.00060756756284
2023-09-28,169.4480743408203,88.75144,189.99024490505326
2023-09-29,169.96429443359375,88.75463,190.04264450015035
2023-10-02,172.48577880859375,88.745544,189.89334698737002
2023-10-03,171.14561462402344,88.843605,191.50453519979783
2023-10-04,172.39646911621094,88.954704,193.32996207751057
2023-10-05,173.6373748779297,88.99313,193.96137422974425
2023-10-06,176.19859313964844,88.99646,194.01603002635602
2023-10-09,177.68768310546875,88.97674,193.6919865092168
2023-10-10,177.09205627441406,88.93961,193.08200827137262
2023-10-11,178.49179077148438,88.88371,192.16352873046708
2023-10-12,179.39517211914062,88.83795,191.41164729209413
2023-10-13,177.54872131347656,88.82237,191.1556734659971
2023-10-16,177.41964721679688,88.81562,191.0447313789664
2023-10-17,175.86106872558594,88.86449,191.84763311515417
2023-10-18,174.56060791015625,88.89241,192.3064367170955
2023-10-19,174.18338012695312,88.918625,192.73715654755142
2023-10-20,171.6221466064453,88.909004,192.57908085802774
2023-10-23,171.74127197265625,88.85842,191.74797660290642
2023-10-24,172.17807006835938,88.86397,191.83911070214526
2023-10-25,169.85508728027344,88.86272,191.8185536919882
2023-10-26,165.6757049560547,88.85479,191.68830601021546
2023-10-27,166.99603271484375,88.670975,188.66812451907754
2023-10-30,169.05096435546875,88.766464,190.23707061043388
2023-10-31,169.52749633789062,88.777145,190.41256563715797
2023-11-01,172.7042236328125,88.83401,191.3468385886663
2023-11-02,176.2779998779297,88.824165,191.1851319675552
2023-11-03,175.36468505859375,88.735756,189.73251270328183
2023-11-06,177.92591857910156,88.73578,189.73289178167397
2023-11-07,180.49710083007807,88.63464,188.07118109727162
2023-11-08,181.55929565429688,88.55904,186.82890923575178
2023-11-09,181.082763671875,88.47606,185.4655469475947
2023-11-10,185.28753662109372,88.46512,185.2857861471566
2023-11-13,183.69711303710935,88.41002,184.38046930415658
2023-11-14,186.32135009765625,88.48995,185.69381608059848
2023-11-15,186.887939453125,88.450905,185.05224645433918
2023-11-16,188.5778045654297,88.49639,185.79961548968276
2023-11-17,188.55792236328125,88.44288,184.9203728459688
2023-11-20,190.30740356445312,88.50033,185.86430087845292
2023-11-21,189.5022430419922,88.472115,185.40073824416686
2023-11-22,190.1682281494141,88.506584,185.96709049644778
2023-11-24,188.8362579345703,88.48881,185.67501287890627
2023-11-27,188.6573028564453,88.58663,187.28231896322177
2023-11-28,189.26368713378903,88.62866,187.97290388230613
2023-11-29,188.2398223876953,88.707466,189.26769865358074
2023-11-30,188.8163604736328,88.75953,190.1231232995233
2023-12-01,190.09866333007807,88.819885,191.11480607499834
2023-12-04,188.2994537353516,88.86954,191.9306193125667
2023-12-05,192.26565551757807,88.92094,192.77513746211844
2023-12-06,191.1722412109375,88.944145,193.1564674885667
2023-12-07,193.110595703125,88.968925,193.5636250849857
2023-12-08,194.5419769287109,88.966064,193.5166147971504
2023-12-11,192.02706909179688,88.96624,193.5194967063726
2023-12-12,193.5479736328125,89.01522,194.32428013289245
2023-12-13,196.778564453125,89.026245,194.50541566340326
2023-12-14,196.9276580810547,89.01536,194.32653633440714
2023-12-15,196.39089965820312,89.00457,194.14928293200865
2023-12-18,194.72091674804688,89.02883,194.54791354820918
2023-12-19,195.7646484375,89.05757,195.02012647737138
2023-12-20,193.6672515869141,89.07228,195.26180950480557
2023-12-21,193.5181121826172,89.09603,195.65204102265488
2023-12-22,192.4445953369141,89.09861,195.69441102559358
2023-12-26,191.8978729248047,89.11662,195.99037533845694
2023-12-27,191.99725341796875,89.13148,196.23444244927305
2023-12-28,192.42469787597656,89.14091,196.38938046584008
2023-12-29,191.38096618652344,89.168976,196.85056358395377
